<?xml version="1.0" encoding="ISO-8859-15"?>
<uc-export clientvers="12.0.0+low.build.10537">
<DOCU name="PCK.AUTOMIC_CA_APIM.PUB.DOC">
<HEADER state="1">
<Title>Package Documentation</Title>
<ArchiveKey1/>
<ArchiveKey2/>
<OH_SubType/>
</HEADER>
<DOCU_Docu state="1" type="text">
<DOC><![CDATA[About the Package
An action pack for CA APIM (Policy manager)that used to migrate any API from a gateway to other(one environment to another). 

=Supported versions=
CA APIM version 9.3.00

=Setup=
* This Action pack uses REST RA Agent. 
* The Agent should be able to access CA APIM rest API endpoint URL in order to make HTTP requests.

=Common Inputs=
Gateway Export API Policy URL: The URL specifies the entry point of the CA APIM REST service. E.g. https://vviecentos02:8443/
Rest RA Agent parameters: Specifies Authentication details, proxy settings, connection timeout, and REST RA Agent Name.


=Actions=
Following actions are supported.

* Action name:  PCK.AUTOMIC_CA_APIM.PUB.ACTION.EXPORT_POLICY
* Action Description:  This action exports gateway API Policy.

* Action name:  PCK.AUTOMIC_CA_APIM.PUB.ACTION.IMPORT_POLICY
* Action Description:  This action imports gateway API Policy.

* Action name:  PCK.AUTOMIC_CA_APIM.PUB.ACTION.PREPARE_BUNDLE_FOR_IMPORT
* Action Description:  This action prepare bundle compatible to import in APIM..

]]></DOC>
</DOCU_Docu>
</DOCU>
</uc-export>